model,roc_auc,pr_auc,accuracy,precision,recall,f1_score,log_loss,brier_score,ks_statistic,gini_coefficient,portfolio_default_rate,approval_rate,approved_bad_rate,average_pd,expected_loss_total,expected_loss_rate,expected_profit_total,expected_return_pct
logistic_regression,0.6823618511546709,0.40924701749971293,0.6561807142292505,0.3943346219760073,0.5643537531371207,0.46426811815217134,0.6353853318017406,0.2182793633597826,0.2641925711725738,0.3647237023093417,0.26397949235292123,0.001543343484267307,0.11951219512195121,0.45177928423507285,1230064952.1467648,0.31909385661757533,-240603156.48926458,-0.062415394394036074
scorecard_woe_logistic,0.6736981937375908,0.41094306681975357,0.6582209390304039,0.3915088397094024,0.5317704768423455,0.4509856089007135,0.6202121092274214,0.2154541024530911,0.24934927082518105,0.34739638747518153,0.26397949235292123,0.00040277500686976064,0.11214953271028037,0.44432088360204847,1196839331.6462972,0.3104747252737362,-207377535.98879716,-0.053796263050196975
random_forest,0.6618409475521612,0.4011071380126241,0.6623164456423132,0.38401848122260396,0.4622262149212868,0.41950847040857264,0.6312557562015899,0.22017331896394027,0.23628104541630013,0.3236818951043223,0.26397949235292123,0.0,,0.4572197510415479,1215703178.381322,0.31536823727472174,-226241382.72382194,-0.05868977505118253
policy_rule_baseline,0.6344753041614094,0.360157872022471,0.5757047621557121,0.3396848579752915,0.6433949349760438,0.44462620160920785,0.6907407860973929,0.2459348931320586,0.19610951794978854,0.2689506083228188,0.26397949235292123,0.0,,0.5067759205292426,1354087385.4644458,0.3512667890187199,-364625589.80694574,-0.09458832679518062
decision_tree,0.6274961686436051,0.3670723844500599,0.6222723286041776,0.3550445160795149,0.5277064795801962,0.4244895618261069,0.6505306231030457,0.22911361593889973,0.18774417494954598,0.25499233728721027,0.26397949235292123,0.0,,0.45947388120511246,1217235419.0004992,0.3157657191862144,-227773623.34299916,-0.05908725696267514
